Population Share,Free Market,Welfare Society,Egalitarian Utopia
0.001,1.9001787889565046e-05,0.00010703423699798782,0.000282060063847634
0.002,3.800388285347325e-05,0.00022149953590542464,0.0005812686015288496
0.003,5.700668828093525e-05,0.00033950795098556874,0.0009081004235427074
0.004,7.601015698521499e-05,0.00046313566173676916,0.001247874073278452
0.005,9.501460519736958e-05,0.0005882507221256982,0.0016052884122119233
0.006,0.0001140190781634616,0.0007188596238754451,0.0019693108643685404
0.007,0.00013302392571822383,0.0008516093208390619,0.0023348474045944267
0.008,0.0001520301381655978,0.0009864988149212496,0.002700541240843226
0.009,0.00017104023375386616,0.001121882045285474,0.0030821237296413864
0.01,0.00019005122947153655,0.001257354274980807,0.0034652559274160923
0.011,0.00020906312189339002,0.001393150845178545,0.00386513011171293
0.012,0.0002280758418424461,0.0015328100331568994,0.004265644813267471
0.013,0.00024708934184025953,0.0016747649609210452,0.0046701059481974614
0.014,0.0002661032135771265,0.0018199408605133886,0.005076030739800969
0.015,0.0002851170978642675,0.001965482832787796,0.005482278366656404
0.016,0.0003041329793206946,0.002111330892240036,0.005890880653024833
0.017,0.0003231528493834835,0.00225768495987029,0.006301756151634248
0.018,0.0003421728623044738,0.00240478092909788,0.00671310160636021
0.019,0.0003611967447338207,0.0025534546111276365,0.00712811863831242
0.02,0.00038022180661838236,0.0027021833936566584,0.0075437475347449766
0.021,0.00039924820049773614,0.002853383425142225,0.007962924484879752
0.022,0.000418274980691194,0.003006239707067675,0.008383337227319024
0.023,0.0004373019181764965,0.003159283167666147,0.008805510773449928
0.024,0.0004563316455962836,0.003314157320985412,0.009228428668426568
0.025,0.0004753632964491196,0.0034692526163838306,0.009652112323778165
0.026,0.0004943950551779935,0.00362437483807273,0.010080444883313399
0.027,0.0005134279735501381,0.003782492730737128,0.010512316510860313
0.028,0.0005324619647542357,0.00394295072684174,0.010949504608369355
0.029,0.0005514960572205435,0.004105885759571925,0.011386850152644741
0.03,0.0005705302420319095,0.004269915827036542,0.011831343556257435
0.031,0.0005895648176964343,0.004434167308104635,0.01227621767857961
0.032,0.0006085994322307175,0.004599271162398844,0.012721986710393958
0.033,0.0006276346886919295,0.004765806519417541,0.013169614805543055
0.034,0.0006466743589015855,0.004932346563150925,0.013617696547091758
0.035,0.0006657146072606029,0.005099898866842632,0.01406614435817784
0.036,0.0006847555694786976,0.005268129908775965,0.014520279079833266
0.037,0.0007037984584261922,0.005436987120788767,0.014988588316975448
0.038,0.0007228418319696512,0.00560655003817265,0.015458292854420908
0.039,0.0007418855599987831,0.005776455557267797,0.01593003091655627
0.04,0.0007609293574030304,0.0059474045795745185,0.016402019284601912
0.041,0.0007799734220274607,0.006118986283789298,0.01687757301994074
0.042,0.0007990209817389094,0.006292066330803471,0.017353769136460792
0.043,0.000818069176790741,0.006467319423254744,0.017831202147646115
0.044,0.0008371180123984161,0.0066426637101896805,0.018309952550002884
0.045,0.000856169113408997,0.006819111019697872,0.01878926305382626
0.046,0.0008752208554426085,0.006995697483329816,0.019272736819868602
0.047,0.0008942728487665448,0.007172358900599858,0.019759109119707546
0.048,0.0009133278690394989,0.007349275749333471,0.020246515558047525
0.049,0.0009323848307587008,0.007527112312762478,0.020734831914403166
0.05,0.0009514427015548646,0.007704962845944341,0.02122353059910817
0.051,0.0009705044502841389,0.00788427020691018,0.02171612428489533
0.052,0.0009895671910331119,0.008064332594884718,0.022211296110800544
0.053,0.0010086299776104258,0.008246707034943311,0.022710319915305643
0.054,0.0010276934980766562,0.008429380679220418,0.023210822145912472
0.055,0.0010467598435808445,0.008612685406629308,0.02371262629023732
0.056,0.0010658267292602422,0.008797215574473223,0.02421518908762685
0.057,0.0010848940406114394,0.008983343696976469,0.02471786592555508
0.058,0.0011039626518577008,0.009169533107780826,0.025222171728491016
0.059,0.0011230328461226625,0.009358589198441578,0.025728158233982217
0.06,0.0011421056498004296,0.009549315054686602,0.026235855925908515
0.061,0.0011611789500300669,0.00974081987198409,0.0267435687260004
0.062,0.001180253471039463,0.009933257906549692,0.027251460515885367
0.063,0.0011993281986348967,0.010126106691227689,0.02776079728946833
0.064,0.0012184060113299413,0.010323889337247625,0.028273952204386346
0.065,0.0012374849020721972,0.010521674267209947,0.028787460493926317
0.066,0.0012565662879864075,0.010720773474105523,0.029305783407006163
0.067,0.0012756484032435723,0.01092014032849569,0.02982424563362832
0.068,0.0012947353025469387,0.011120385227757492,0.030342854891645007
0.069,0.0013138234028978561,0.011321275367526768,0.030863087090575128
0.07,0.0013329122126645226,0.01152238713818952,0.03138444147348732
0.071,0.001352001659521699,0.011723629255048433,0.031905962881983156
0.072,0.001371093053982827,0.011924910088949464,0.03243276990538074
0.073,0.0013901856504419177,0.01212742407671111,0.032960669468933904
0.074,0.0014092792081512682,0.012331298903166097,0.03348901937759211
0.075,0.0014283735613308919,0.012535730826417858,0.03401780516438545
0.076,0.0014474709192699932,0.012740707206985526,0.03454872813170587
0.077,0.0014665696319466808,0.01294568859246349,0.03507994605733133
0.078,0.0014856701192842514,0.013151332411929718,0.035614225707576413
0.079,0.0015047720681614176,0.0133577530097979,0.036149940727913936
0.08,0.0015238743341676614,0.013564331707027023,0.03668810726827739
0.081,0.0015429777521826604,0.013771113151443536,0.037226512621868754
0.082,0.0015620835996575369,0.013979037366095565,0.037765408228569775
0.083,0.0015811895683098148,0.014189268753448513,0.03830433836690223
0.084,0.0016002967685096539,0.014401262086921204,0.03884549447140294
0.085,0.0016194043314333218,0.014613776698179391,0.03938713764841534
0.086,0.0016385130870498659,0.01482717418018688,0.039929356126525054
0.087,0.0016576239932138714,0.015040599171354772,0.04047434374563765
0.088,0.0016767353291235441,0.015254234760053963,0.04102058419248935
0.089,0.0016958479907565667,0.015468379432510879,0.04157036497388213
0.09,0.0017149624374669856,0.015683826302531963,0.04212218533623198
0.091,0.0017340774810294232,0.0159002876365998,0.04267402575196343
0.092,0.0017531943229968725,0.01611704849593212,0.04322725729239409
0.093,0.001772314362320004,0.016334465577077743,0.043783216268769326
0.094,0.0017914349833181127,0.016552580663488657,0.04434098578164709
0.095,0.0018105567778790802,0.016771502721496478,0.04489880659602874
0.096,0.001829678796486179,0.01699230159238616,0.04545857166753231
0.097,0.0018488010885759673,0.017213425369764168,0.04601859647751444
0.098,0.0018679260102057412,0.017435029672056283,0.04657882183724907
0.099,0.001887052798926785,0.017657020462159098,0.04714063257798622
0.1,0.0019061809138819434,0.01788058756846251,0.04770397962080795
0.101,0.001925310291434912,0.018104259214896157,0.04826754926784996
0.102,0.001944439795863581,0.01832847235607876,0.04883399701351893
0.103,0.0019635700105675316,0.018552801616741606,0.04940155503400465
0.104,0.001982700938927844,0.01877720609283864,0.049969592518184086
0.105,0.0020018338418468246,0.01900163070985424,0.05053995875318108
0.106,0.002020967877701301,0.01922693522716091,0.05111097681367949
0.107,0.0020401022401486273,0.01945277774280089,0.051682272055551294
0.108,0.002059236641860396,0.01968050484139195,0.052254813413715746
0.109,0.002078371783351987,0.019908584134529318,0.052831301670389165
0.11,0.002097507629352843,0.0201404868628222,0.053409209619180886
0.111,0.002116645205577886,0.020372435413278562,0.053987155993825475
0.112,0.0021357843032208494,0.020606053607661858,0.05456742759439578
0.113,0.002154923705220982,0.020840254103804776,0.05514832220750072
0.114,0.002174065461100189,0.021074911723314403,0.05572954533685837
0.115,0.002193207711528905,0.021311411028893338,0.056310861902897344
0.116,0.002212350609756496,0.021549954076162996,0.05689526161970125
0.117,0.0022314939498449464,0.02178920152864935,0.05748074589192889
0.118,0.002250638765061188,0.02202851048064733,0.0580676626889093
0.119,0.0022697860769270305,0.022268674714977156,0.058658121202574215
0.12,0.0022889341018068996,0.022509296113366037,0.05924959532311501
0.121,0.0023080837658167558,0.02275111202121821,0.05984172997654969
0.122,0.0023272343711919535,0.022993290839899948,0.06043390102953922
0.123,0.0023463855540569937,0.023236241945369294,0.061026561708045636
0.124,0.0023655392931909375,0.02348122053090227,0.06162091467135863
0.125,0.002384696347386078,0.023729320195766998,0.06221542945236663
0.126,0.002403855250982254,0.02397915647776245,0.06281055390781592
0.127,0.002423015102481323,0.024229528171925422,0.06340585473486861
0.128,0.0024421762007424287,0.02448004188206002,0.06400168508823313
0.129,0.0024613375217532357,0.024731197732052488,0.06459990502646366
0.13,0.0024804989751164904,0.024982398421972474,0.06519851518083392
0.131,0.002499663393277601,0.02523389960593421,0.06579716540499991
0.132,0.002518827848469799,0.02548713698404261,0.06639734852677191
0.133,0.00253799245576803,0.02574111408937919,0.0669977332870939
0.134,0.0025571582454226188,0.025995573518815148,0.06760051857218152
0.135,0.00257632430384965,0.026250142519589126,0.06820367159275859
0.136,0.0025954907601325452,0.026504823230587164,0.06880791728089414
0.137,0.0026146610757258404,0.026760113912590196,0.06941571915211288
0.138,0.00263383860394835,0.027015737244159132,0.07002584004516635
0.139,0.0026530185357801325,0.02727182349623355,0.07063711591698331
0.14,0.00267220154006771,0.027529403750329882,0.07124974014354286
0.141,0.002691387021631037,0.027786989913461395,0.07186251796236345
0.142,0.002710572726009215,0.028045052534035678,0.0724765982678763
0.143,0.002729758432276306,0.028303205758985463,0.07309199846813903
0.144,0.0027489452188059135,0.028561387915339985,0.07371021704363435
0.145,0.0027681325993851816,0.028819664377388726,0.07433092595657215
0.146,0.002787320367460424,0.029078069502984753,0.07495174254389647
0.147,0.002806508332881763,0.029337582365664635,0.07557553780463333
0.148,0.002825696532287989,0.02959922719363205,0.07619978238019921
0.149,0.0028448860151366953,0.029861919332214295,0.07682573658076826
0.15,0.0028640789764274015,0.030125139895469468,0.07745236186331655
0.151,0.0028832738894929042,0.030389302205074825,0.07807955408886802
0.152,0.0029024727827498377,0.030653852578130636,0.07870699165032694
0.153,0.0029216732215064526,0.03091904366666708,0.07933478157956009
0.154,0.002940873939469321,0.03118428352398303,0.07996572546180708
0.155,0.002960077681311918,0.031449715882919276,0.08059888135150726
0.156,0.0029792820973571312,0.031716443391093786,0.08123264202734128
0.157,0.0029984868798316865,0.03198578673620327,0.0818672553510508
0.158,0.0030176917689381977,0.032255161910129934,0.0825019808245976
0.159,0.0030368972002328505,0.03252495700177708,0.08313689517350038
0.16,0.003056105033478718,0.03279651265118928,0.08377658756143909
0.161,0.0030753145885419175,0.03306925858644489,0.08441705618211572
0.162,0.0030945280290296524,0.03334320551245167,0.08505820937933718
0.163,0.003113743971697929,0.03361765430506402,0.0857006441980657
0.164,0.0031329611324604416,0.033894273573796235,0.08634559730025869
0.165,0.0031521787432842374,0.03417089581557246,0.08699141000549292
0.166,0.0031713978817473325,0.03444870705270418,0.08764178165186258
0.167,0.0031906176850959814,0.03472823789108377,0.08829404734337833
0.168,0.0032098376263046146,0.03500881115544418,0.08894668095337517
0.169,0.0032290581418983277,0.035290080040970215,0.0895999935421474
0.17,0.0032482797874811733,0.03557228627705657,0.09025370660135892
0.171,0.0032675046878096877,0.03585457770735115,0.0909152315093894
0.172,0.003286730650575666,0.03613740823791029,0.09157812032477326
0.173,0.0033059569107983322,0.036421759310621644,0.09224135162518289
0.174,0.003325183782004809,0.03670618445260744,0.0929054646571792
0.175,0.0033444129914562463,0.036990658274845226,0.09357016422904796
0.176,0.0033636439321000056,0.037275425425999924,0.09423487126821793
0.177,0.003382875846933439,0.03756025512787027,0.09490065334430837
0.178,0.0034021080528577083,0.03784581205533844,0.09556701725749174
0.179,0.0034213413651662007,0.03813149072152505,0.09623771797472584
0.18,0.0034405756017287245,0.038417330016802594,0.09690966236989909
0.181,0.0034598103048321,0.038703866660422664,0.09758171868690493
0.182,0.0034790450849745075,0.0389911153997485,0.09825526215843318
0.183,0.0034982815413621784,0.039280835386557036,0.09893392748645817
0.184,0.003517519867008501,0.03957059130926753,0.09961529483586658
0.185,0.00353676011154235,0.039861463917463,0.10029706836441836
0.186,0.0035560012393996347,0.04015240486567473,0.10098046010148516
0.187,0.0035752441508321337,0.040444415000180645,0.10166396596243356
0.188,0.003594487628890979,0.04073715395367219,0.1023494617657017
0.189,0.0036137316339592595,0.041030126866307116,0.10303547824594295
0.19,0.0036329788625985493,0.04132384025164975,0.10372425362509737
0.191,0.003652227347568975,0.041617766966678675,0.10441308873183501
0.192,0.003671476003112457,0.04191401858141693,0.1051031520050026
0.193,0.0036907272426101737,0.04221188861296842,0.10579346100955163
0.194,0.003709979911630981,0.042510491427250295,0.10648585289870653
0.195,0.0037292342667344957,0.042810702808189514,0.10717861301086762
0.196,0.003748488834524675,0.043112456746758544,0.10787184289442107
0.197,0.0037677442085625483,0.04341433925800751,0.10856611475665259
0.198,0.0037870005120960682,0.043716342224328714,0.10926261055873138
0.199,0.0038062581618256873,0.04402046639464281,0.10996025419732147
0.2,0.003825516328286905,0.04432610512756097,0.11065946023964392
0.201,0.0038447751343804377,0.04463264294485494,0.11135935530224635
0.202,0.0038640354894313887,0.044939321991079945,0.11206171001437697
0.203,0.0038832961617419354,0.045246635320446864,0.11276514641593631
0.204,0.0039025573768376007,0.04555396332225522,0.11346919821756
0.205,0.0039218207075738375,0.045861850672143115,0.1141740983809803
0.206,0.003941086938073278,0.04616994826247976,0.11487943142206933
0.207,0.0039603540690123845,0.04647848046490947,0.11558596633810667
0.208,0.003979621966432407,0.04678721200527701,0.11629305276953654
0.209,0.003998893706278434,0.04709686223948231,0.11700053969355571
0.21,0.00401816722274013,0.04740891559166693,0.11770814450829582
0.211,0.004037440833370754,0.04772170291409799,0.11841677328096632
0.212,0.004056715796665067,0.04803579662150288,0.11912596833652896
0.213,0.004075992077598128,0.04835166020199298,0.11983548125869864
0.214,0.00409526900011739,0.04866792448684795,0.1205460284087964
0.215,0.004114545956832152,0.04898534928491339,0.12125680544363633
0.216,0.0041338234876691455,0.04930301282290561,0.12196834690085713
0.217,0.0041531019960683304,0.04962305782617558,0.12268000491981917
0.218,0.004172380729439456,0.049943192459845645,0.12339426282178036
0.219,0.004191662119719925,0.05026515096441323,0.12410868187357865
0.22,0.004210943728101504,0.05058826417882442,0.12482368842847497
0.221,0.004230228318906447,0.05091245195251069,0.12553879398610315
0.222,0.004249514848162873,0.05123664795752632,0.12625478793697972
0.223,0.004268801724136639,0.0515616542320985,0.1269717927178169
0.224,0.00428809100689793,0.05188702535978508,0.1276889593687067
0.225,0.004307380532738742,0.05221714594738522,0.12840720606060796
0.226,0.004326671866116431,0.052547561999547514,0.1291254770235651
0.227,0.004345965205288231,0.05287801486989695,0.12984394907870767
0.228,0.004365259447534388,0.05320951261970218,0.13056341933521637
0.229,0.00438455517273873,0.05354115885210203,0.13128514397837363
0.23,0.004403850964423028,0.05387430104139822,0.13200737377049107
0.231,0.004423146908866882,0.05420859641439247,0.1327304930991066
0.232,0.0044424435816086605,0.054546632561534775,0.1334558441015578
0.233,0.00446174203484345,0.05488494462265815,0.13418141545194862
0.234,0.004481040489726363,0.05522379442649346,0.1349071054554702
0.235,0.004500338986265915,0.05556266877969849,0.13563279717279608
0.236,0.004519639316771903,0.055902780059661296,0.13635886347209547
0.237,0.004538940021419777,0.05624375472742562,0.13708505079859684
0.238,0.004558244125692963,0.05658553387538043,0.13781128062437975
0.239,0.004577548441869745,0.056928046021585944,0.1385375152352472
0.24,0.004596853454872944,0.05727072962116571,0.13926420842779932
0.241,0.00461615852199988,0.057613420539761595,0.13999258277401
0.242,0.004635464462562698,0.0579576588593275,0.1407218809937705
0.243,0.0046547748128385035,0.05830414531955554,0.14145164728614393
0.244,0.0046740917471048285,0.058650648582415095,0.14218158131466804
0.245,0.004693410674675889,0.058997972959297665,0.14291206852592028
0.246,0.004712729887575571,0.05934597754852027,0.1436427088478382
0.247,0.004732050645317056,0.05969521199182564,0.1443735078547702
0.248,0.004751372234618419,0.06004701511122345,0.14510544890953453
0.249,0.004770695734972712,0.06040103023829969,0.14583782842740023
0.25,0.004790020242317459,0.06076002866141966,0.1465708408287629
0.251,0.004809345611822189,0.061119351795561556,0.1473040201294475
0.252,0.00482867153583209,0.061479447521707406,0.14803749131232433
0.253,0.004847997797390568,0.06184005488158065,0.14877173375329752
0.254,0.004867326927717567,0.06220086518901254,0.14950605250121216
0.255,0.004886657932382649,0.06256237951691199,0.15024057136312427
0.256,0.004905989681799171,0.06292474780505625,0.15097579734532088
0.257,0.004925330443044394,0.06328768409744277,0.15171269165039414
0.258,0.004944673828243258,0.06365062905517095,0.1524519493404861
0.259,0.004964017955098182,0.06401372384107305,0.1531912909240723
0.26,0.00498336776841149,0.06437735204809593,0.15393068629587064
0.261,0.005002718365265803,0.06474114323170455,0.15467147631295383
0.262,0.0050220699150622,0.06510698801497085,0.15541231694366206
0.263,0.005041423829466928,0.06547302473875172,0.15615328889614727
0.264,0.005060778290788705,0.06583920236149297,0.156894267264498
0.265,0.0050801337724040475,0.06620653529347936,0.15763606448005993
0.266,0.0050994898712047095,0.0665754773075674,0.15837796859944922
0.267,0.0051188480429732374,0.06694506857340522,0.15912005489084774
0.268,0.005138206852682945,0.06731505578060475,0.1598621800826179
0.269,0.005157568465879596,0.06768638663858113,0.16060441614858756
0.27,0.005176931176769065,0.06805808108108873,0.1613471695454597
0.271,0.005196299352379441,0.06843012710938108,0.16209137578148985
0.272,0.005215669768144624,0.06880241127331958,0.1628356281122295
0.273,0.00523504295840962,0.06917864660300098,0.1635805181370004
0.274,0.005254417028825914,0.06955603661987685,0.1643254133057538
0.275,0.005273793722821784,0.06993518168742406,0.16507056922438132
0.276,0.00529317144309579,0.07031497856535829,0.1658157475401762
0.277,0.005312549848123588,0.07069614763084088,0.16656225741035877
0.278,0.005331928263116802,0.07107766814110236,0.1673089704091895
0.279,0.00535130669058069,0.07145936389740756,0.16805686673384668
0.28,0.005370686784343073,0.07184106925765749,0.1688049548514259
0.281,0.005390067506885596,0.07222347097254181,0.16955354386018934
0.282,0.005409448735214769,0.07260660554929248,0.17030283937604215
0.283,0.005428830199201976,0.07298999294471817,0.17105228212670073
0.284,0.005448215846730109,0.07337545640491695,0.17180207782907003
0.285,0.005467603557427299,0.07376352326691508,0.1725518770949611
0.286,0.005486992022224701,0.07415325228135441,0.17330171550326837
0.287,0.005506382353050202,0.0745435879370823,0.17405218015647111
0.288,0.005525775904094455,0.0749346758884903,0.17480291044410903
0.289,0.005545170991478954,0.07532579090483452,0.17555468764478352
0.29,0.00556456655419487,0.07571734483517938,0.17630677384553722
0.291,0.005583963935112146,0.07610953878378716,0.17705958175573205
0.292,0.0056033644031862,0.0765021394988422,0.1778128233625941
0.293,0.005622765247022472,0.07689596844277799,0.17856653344621806
0.294,0.005642167018897393,0.07728982452964919,0.17932103335122213
0.295,0.005661570099954047,0.07768513871673106,0.1800759413961373
0.296,0.0056809744744479845,0.078081666305082,0.1808309572383712
0.297,0.005700379463869106,0.07847858003549658,0.18158607301507382
0.298,0.005719786126191711,0.07887658675875571,0.18234179405131093
0.299,0.0057391936764335065,0.07927766101623801,0.18309761518953693
0.3,0.005758602897323146,0.07968081885941243,0.18385373461436466
0.301,0.005778012389811041,0.08008547468699767,0.18461055034304782
0.302,0.005797421933733675,0.08049031366757146,0.18536781349344497
0.303,0.005816831633459262,0.08089589684119926,0.18612559151589955
0.304,0.00583624349636087,0.08130257583323033,0.1868836214185027
0.305,0.00585565719159029,0.08171064121068587,0.18764403713175012
0.306,0.005875073945594089,0.08211889032443673,0.18840468182110637
0.307,0.0058944915959654705,0.08252739755959673,0.18916665949240713
0.308,0.0059139103243377135,0.08293622326480919,0.18992965555558364
0.309,0.005933330246029388,0.08334644978236835,0.19069289521272678
0.31,0.0059527523131868735,0.08375763050014312,0.19145648348190958
0.311,0.0059721749439859235,0.0841688128837972,0.19222144299975238
0.312,0.0059916026500339975,0.08458120090010568,0.19298653177719863
0.313,0.006011030377981723,0.08499542663071637,0.19375202415683074
0.314,0.006030458841801455,0.08540996533040704,0.19451953830095822
0.315,0.006049888063525102,0.08582539309062422,0.19528787692731378
0.316,0.0060693178585033885,0.08624164349025602,0.1960582570760714
0.317,0.006088751539798163,0.08665870321367128,0.19682923001493427
0.318,0.006108185977701148,0.08707595274416768,0.1976006296189031
0.319,0.0061276218551347215,0.087494817302154,0.19837325472375397
0.32,0.006147059140821609,0.08791375764738268,0.19914604680481518
0.321,0.0061664965379158755,0.08833316097871878,0.1999200657146526
0.322,0.006185934309511467,0.08875260793733948,0.20069467671123764
0.323,0.006205373454476513,0.08917531332917862,0.2014701266948548
0.324,0.006224813988657726,0.08960000129817756,0.2022459153746883
0.325,0.006244257110059391,0.09002474787142534,0.2030221239639404
0.326,0.006263701476774967,0.09045202384773524,0.203798405171867
0.327,0.00628314648184216,0.09088005488485047,0.2045752298695896
0.328,0.006302591953515243,0.09130833221339656,0.20535238560859265
0.329,0.006322038376625106,0.0917386843124841,0.20612975273189307
0.33,0.006341486167333979,0.09216962863811473,0.20690734999083404
0.331,0.006360934778737803,0.09260100355848058,0.20768541609812946
0.332,0.006380384965863681,0.09303399541802436,0.20846408254703463
0.333,0.006399838006343937,0.09346799203840582,0.20924367773450991
0.334,0.0064192919216995705,0.09390256627979668,0.21002409303963793
0.335,0.0064387461446947115,0.09433789243392707,0.21080579306419434
0.336,0.006458200926256005,0.0947748613492688,0.21158985831300825
0.337,0.00647765690145295,0.09521271790432206,0.21237479001454365
0.338,0.006497113113805572,0.09565094089077707,0.21316062768558883
0.339,0.006516571753594739,0.09609093891117505,0.21394810752239438
0.34,0.0065360305435885864,0.09653241024276304,0.21473642766167625
0.341,0.006555491246039292,0.09697448598524111,0.21552498871538314
0.342,0.006574952581415545,0.09741856237432762,0.21631383826143039
0.343,0.0065944165019909086,0.09786369382477347,0.21710311455517092
0.344,0.006613882017118945,0.09830961970982442,0.21789246609006313
0.345,0.006633350428463643,0.09875576887202683,0.21868192459061053
0.346,0.006652818991072455,0.09920365619158047,0.21947151750335034
0.347,0.00667228789637408,0.09965188793806252,0.22026147042792682
0.348,0.0066917609910641185,0.10010358804889598,0.22105166346297755
0.349,0.006711236024433244,0.10055548981350075,0.22184252876379496
0.35,0.006730711209236393,0.10100824937846513,0.2226339190364357
0.351,0.0067501911494783195,0.10146107836467455,0.22342582328410746
0.352,0.0067696719581205,0.10191560403412683,0.22421804110496119
0.353,0.006789155007461021,0.10237276355028277,0.22501061639870493
0.354,0.006808638084415211,0.1028323229362627,0.22580382151465617
0.355,0.006828124573221565,0.10329286997418569,0.22659739109766142
0.356,0.006847611387527807,0.10375565714752126,0.2273914480861795
0.357,0.006867098313656425,0.10422032864304379,0.22818607537773478
0.358,0.006886585456638237,0.10468509625351988,0.22898192978450901
0.359,0.006906073433178092,0.10515153387926848,0.22977862882505554
0.36,0.006925562979380159,0.1056198618258095,0.23057692985935166
0.361,0.006945054951801475,0.1060910186209392,0.2313754298624141
0.362,0.006964547109526525,0.10656267467708003,0.23217398961048788
0.363,0.006984039917693263,0.1070367612066743,0.23297346742795288
0.364,0.007003537396452624,0.1075126542160227,0.23377301581662804
0.365,0.007023034937486434,0.10798980922112374,0.23457382671579702
0.366,0.007042532646584448,0.10846717797766012,0.23537492424328596
0.367,0.00706203290605231,0.10894770859700403,0.23617622356269116
0.368,0.0070815345676408055,0.1094365773268552,0.23697793968460268
0.369,0.007101045044432243,0.10992588734417294,0.2377797119091716
0.37,0.007120556194284578,0.11041523229746719,0.23858227838842763
0.371,0.007140069480145875,0.11090495366346509,0.23938588189070448
0.372,0.0071595828667541305,0.1113951961712426,0.24018953390262168
0.373,0.007179097940497639,0.11189067507756421,0.24099412694158578
0.374,0.00719861344597864,0.11238748243387578,0.24179907009287177
0.375,0.007218129237806158,0.11288690626215951,0.2426045018517739
0.376,0.007237645919718466,0.11339009904531584,0.24341189543563202
0.377,0.0072571671715855185,0.11389359149755618,0.2442193250103268
0.378,0.007276689830804878,0.11439715838942655,0.24502773697465746
0.379,0.007296212689749133,0.1149014199391742,0.24583721575174924
0.38,0.007315736373008457,0.11540627491639441,0.24664970456678537
0.381,0.007335261620289796,0.11591162087427671,0.24746220952729645
0.382,0.0073547878324445905,0.116417446599276,0.2482759505105452
0.383,0.00737431605237495,0.11692445047567096,0.24909037905818066
0.384,0.0073938460382883325,0.11743263561204967,0.24990488546255923
0.385,0.007413377580754143,0.1179412756028278,0.2507195531355939
0.386,0.007432912898858628,0.11845004943571058,0.2515345289712571
0.387,0.007452448314968443,0.11895924034168817,0.2523500377112271
0.388,0.007471985061603747,0.11946908296878446,0.25316609344083935
0.389,0.0074915218880332495,0.11998011050056097,0.2539822958884438
0.39,0.007511060599673809,0.12049139607962804,0.2548001751595962
0.391,0.007530599350425001,0.1210041267866276,0.2556187591234714
0.392,0.007550138107834012,0.12151723629157579,0.2564379191256638
0.393,0.007569677760613515,0.12203051346770231,0.2572576725507047
0.394,0.00758921875165814,0.12254555119009745,0.25807766679802246
0.395,0.007608759790763663,0.1230611055721156,0.25889795820584555
0.396,0.007628302794703993,0.12357695491814351,0.2597183572032336
0.397,0.007647846993341417,0.12409337017656631,0.2605411935260632
0.398,0.007667394653236483,0.12461093594608054,0.2613650196330315
0.399,0.007686945324006582,0.1251290117279971,0.26218923543299916
0.4,0.00770649649218,0.1256478567976144,0.26301376263604065
0.401,0.00772604945717338,0.1261683198528797,0.2638385240970663
0.402,0.00774560466429512,0.12668914229589345,0.2646633096015728
0.403,0.007765161037735411,0.12721040698388345,0.2654898665276122
0.404,0.0077847180643207505,0.12773205913010993,0.2663173632151897
0.405,0.007804275522580387,0.12825446833673337,0.2671453685922969
0.406,0.007823833201489779,0.12877768032186482,0.2679741615200528
0.407,0.007843391754865776,0.12930123039055236,0.2688037431559673
0.408,0.007862950426069947,0.12982642966456748,0.26963361545355863
0.409,0.00788250967087468,0.13035183785985602,0.27046406025578235
0.41,0.007902071031881175,0.13087734771452228,0.2712954184460262
0.411,0.007921632622436439,0.13140313885100727,0.2721273034773528
0.412,0.00794119495132982,0.131931016214503,0.2729592614952357
0.413,0.007960757561270005,0.13245893374865905,0.27379256343001024
0.414,0.007980321573445607,0.132987285426021,0.27462600036673385
0.415,0.007999886858179189,0.13351586452344644,0.2754595438779499
0.416,0.008019452752639447,0.1340450389214927,0.2762949345117593
0.417,0.008039021418531477,0.13457528183168144,0.2771304078519125
0.418,0.008058590438963295,0.13510591642461053,0.27796598931128313
0.419,0.008078162486368574,0.1356377013409987,0.27880443535270716
0.42,0.008097734897027888,0.13617104818755332,0.2796434175789905
0.421,0.008117308569426959,0.13670495588294893,0.2804835721668099
0.422,0.008136886264789502,0.1372389113126629,0.2813240841308924
0.423,0.008156464543802954,0.13777437961892677,0.28216637750286394
0.424,0.00817604296028582,0.13831009534539862,0.28300868938742296
0.425,0.008195621401682073,0.13884797192724005,0.28385147926665316
0.426,0.008215201618103057,0.13938616752473984,0.2846948155323468
0.427,0.008234785242049967,0.13992439076215374,0.285538184489631
0.428,0.008254370117673715,0.14046286109316383,0.2863825420095802
0.429,0.008273955455299119,0.14100169681951594,0.2872286729096961
0.43,0.008293542275194873,0.14154094921335722,0.28807557948912665
0.431,0.00831313074734838,0.1420806298755977,0.2889226955823696
0.432,0.008332719463264015,0.14262139514510996,0.28977289070847034
0.433,0.008352308942654508,0.14316227796041786,0.2906232883382678
0.434,0.008371899878798826,0.1437044103310757,0.2914746392506413
0.435,0.008391495864648511,0.1442468522333789,0.29232720146285823
0.436,0.008411092273857723,0.14479047639164694,0.29318055822088973
0.437,0.008430688745796344,0.14533436363738717,0.2940342738812634
0.438,0.008450285943019754,0.14587924327199414,0.2948884963380456
0.439,0.008469883272024498,0.1464248809649105,0.29574346691608594
0.44,0.008489481941893045,0.14697078707383543,0.2965988034413029
0.441,0.008509081118101352,0.14751829464447433,0.2974544073619804
0.442,0.008528680527827856,0.14806600755495752,0.29831046036215103
0.443,0.008548280155720593,0.14861450025957512,0.29916680399720097
0.444,0.00856788102867945,0.1491648552602677,0.3000233510871076
0.445,0.008587487286513951,0.14971576078326784,0.30088012449564216
0.446,0.008607093691792468,0.15026684413988295,0.3017388990155373
0.447,0.008626703441324773,0.15081826307112545,0.30259815638316406
0.448,0.008646315316547451,0.15136985053676744,0.3034575455194133
0.449,0.008665928928374327,0.15192234550784953,0.3043173613311129
0.45,0.008685542613470484,0.15247655907372162,0.30517719531474863
0.451,0.008705156668563353,0.15303220047914667,0.30603824163634985
0.452,0.008724771251939968,0.15358957847716734,0.3069034282003067
0.453,0.008744386308302902,0.15414748718711474,0.3077688803077267
0.454,0.008764002506177654,0.15470599405547897,0.308635125497563
0.455,0.008783619838286556,0.15526471659017696,0.3095014985479751
0.456,0.008803241282422401,0.15582414764593655,0.3103680127793513
0.457,0.008822862777758818,0.15638404557042274,0.31123474009635743
0.458,0.008842484714770572,0.15694478244023366,0.31210153498439697
0.459,0.008862108782885151,0.15750698422314724,0.3129687842055451
0.46,0.008881733390490879,0.15806986270847545,0.31383651857439687
0.461,0.008901359382418178,0.15863325783529397,0.3147049067502716
0.462,0.008920986578128844,0.1591968434551275,0.3155736649542638
0.463,0.008940613842303208,0.1597670393934175,0.3164425859153441
0.464,0.008960241947295,0.16033743728712713,0.317312801554739
0.465,0.008979875335240054,0.16090791569433222,0.3181833647325759
0.466,0.00899950967953801,0.16147862242816638,0.3190557783629451
0.467,0.009019144157890938,0.1620507767175849,0.31992853073393596
0.468,0.009038779905657716,0.16262495423095163,0.320801985836675
0.469,0.009058416027373867,0.16320088505990657,0.3216761103272522
0.47,0.009078060195998319,0.16377693918362793,0.32255512208845727
0.471,0.009097706252577255,0.1643533780515061,0.3234358019534491
0.472,0.009117352730611613,0.16493055752482702,0.3243190170634363
0.473,0.009137000339133143,0.16550878166560493,0.3252028055180514
0.474,0.009156648202091779,0.16608826374970076,0.32608681039953064
0.475,0.009176297813402219,0.1666677838474439,0.32697100276048097
0.476,0.009195947526952228,0.16724843218635288,0.32785585195176503
0.477,0.009215598972891977,0.1678312152340201,0.3287419656103832
0.478,0.009235250834942837,0.1684140181931199,0.32962857434646375
0.479,0.009254903954205187,0.16899684672597756,0.3305157273161991
0.48,0.009274557743829409,0.16957983874560806,0.33140304828854383
0.481,0.009294211975480663,0.1701647850939081,0.3322907369984327
0.482,0.009313866899597725,0.17075098655426876,0.33317855294937243
0.483,0.009333521902842565,0.1713385593065505,0.33406825160149684
0.484,0.009353177303599036,0.17192822922332826,0.33495856201549234
0.485,0.009372832855966426,0.17251813215291387,0.33584908374355
0.486,0.00939248877138949,0.17311391347558805,0.3367408069782491
0.487,0.009412147219877322,0.173710140007322,0.33763266073117476
0.488,0.009431806601629424,0.17430864610373642,0.33852602528981035
0.489,0.0094514678081815,0.17490780444726514,0.3394194018340852
0.49,0.009471129828156927,0.17550770270415975,0.34031317319982696
0.491,0.009490795547499181,0.1761084373911208,0.3412084732839359
0.492,0.009510461472894804,0.1767100185026208,0.34210382734922606
0.493,0.009530128219194012,0.17731495090348862,0.3429992987590391
0.494,0.009549795948588319,0.17792473002123088,0.34389604836969745
0.495,0.009569463817619823,0.1785355714209174,0.3447940053084965
0.496,0.009589136084881393,0.17914665204625166,0.34569333410668945
0.497,0.009608808717089929,0.17975918049926248,0.34659566411525483
0.498,0.009628482729952193,0.1803725538144589,0.347498469923438
0.499,0.009648157082730004,0.18098594698498224,0.34840225839571826
0.5,0.009667834701850897,0.18160054029817224,0.3493078448868185
0.501,0.009687515803688262,0.1822158920916759,0.3502138992085035
0.502,0.009707200175569568,0.18283201097777302,0.3511219092726543
0.503,0.009726886178491644,0.18344945075530744,0.3520301523873135
0.504,0.009746573271637554,0.18407398774194147,0.3529388583148161
0.505,0.009766260624111383,0.18469922523187593,0.3538540863601882
0.506,0.009785948972315278,0.18532708326615419,0.3547706599170091
0.507,0.009805639883351425,0.18595654205922907,0.3556907315970668
0.508,0.00982533084991578,0.18658664077004328,0.3566125674368728
0.509,0.00984502354278032,0.18721875032554136,0.35753724519339236
0.51,0.009864719294152143,0.18785103436091957,0.35846329246039277
0.511,0.009884415276434336,0.18848924702011785,0.35939261513972454
0.512,0.009904111826871988,0.1891275306161393,0.3603232415525335
0.513,0.009923808861576372,0.1897673204048452,0.3612548704964259
0.514,0.00994350660885188,0.1904071544719516,0.362186767414735
0.515,0.009963205002850861,0.19104715727417815,0.36311991289167483
0.516,0.00998290352303472,0.1916895198715128,0.36405396932987183
0.517,0.01000260363337503,0.19233223794431895,0.36498953913767185
0.518,0.010022304855288013,0.19297722783771942,0.3659260962270003
0.519,0.010042008105631457,0.1936225395769464,0.3668629048045301
0.52,0.010061715150176415,0.19426874908027209,0.36779997184294844
0.521,0.010081423311051012,0.19491668649121915,0.3687374901187354
0.522,0.010101132254930433,0.19556707504593623,0.36967513401745683
0.523,0.010120842873250746,0.19621821329669242,0.3706140068412486
0.524,0.010140553940487552,0.19687262216292703,0.37155494414192186
0.525,0.010160267920776397,0.19753148011821453,0.37249711923908024
0.526,0.010179982334177627,0.1981926905889575,0.37343938528178106
0.527,0.010199697668905479,0.1988561842743509,0.37438198164899544
0.528,0.010219413791219748,0.19952110806054754,0.37532481478726154
0.529,0.010239131813951778,0.20019133448091397,0.3762685601898809
0.53,0.010258850897019693,0.2008626291027678,0.3772124328953923
0.531,0.0102785718508577,0.2015346296331504,0.3781565258894666
0.532,0.01029829282431354,0.2022080455797248,0.379100775667458
0.533,0.010318015528299307,0.20288222068785589,0.3800453331901276
0.534,0.010337742470619379,0.20355722900996537,0.3809911825966013
0.535,0.01035747040878258,0.20423652023159358,0.38194155489826376
0.536,0.010377200685741893,0.20491729211592297,0.3828919822591528
0.537,0.010396931963903967,0.20559895183134394,0.3838432042761794
0.538,0.010416663676349002,0.20628105750922177,0.38479493356321
0.539,0.010436395613420284,0.20697225273743083,0.38574736420245503
0.54,0.010456127759445575,0.20766362868418053,0.3867014704365884
0.541,0.010475860869405823,0.20835595860709138,0.38765575706349426
0.542,0.010495594419702466,0.20904841388430354,0.3886112973392219
0.543,0.010515328094975096,0.20974752105659306,0.3895674198396805
0.544,0.010535062376544568,0.21044747997167929,0.3905243150443186
0.545,0.010554798993478035,0.21115052065647352,0.3914839262903205
0.546,0.010574536286606581,0.211855895885672,0.3924436935095384
0.547,0.010594273969401734,0.21256306738217884,0.3934035698176697
0.548,0.010614013166841713,0.21327044722611466,0.39436367486909213
0.549,0.01063375314863524,0.2139799930503009,0.3953260972807799
0.55,0.010653496717991299,0.21468986940352702,0.39628923276281963
0.551,0.010673240734366053,0.21540092590656143,0.3972542363572151
0.552,0.010692985622580883,0.2161128870180933,0.3982193824013608
0.553,0.0107127313249084,0.21682884701850688,0.3991860888693475
0.554,0.010732477521569974,0.21754824223353555,0.4001534333753405
0.555,0.010752224661919895,0.21826811098374535,0.40112389245641195
0.556,0.010771972453842869,0.21898864834184614,0.4020949481446877
0.557,0.010791721994766945,0.219714389001581,0.40306755585759063
0.558,0.010811474106775536,0.22044512070694514,0.4040406367029659
0.559,0.010831226497120166,0.22117596301629724,0.40501424139273184
0.56,0.010850979990014583,0.22190682595936856,0.40599537981984685
0.561,0.010870733884631329,0.22263832487180443,0.40697844899763375
0.562,0.010890487869458539,0.22337050183726628,0.40796635323141467
0.563,0.010910242006721057,0.22410416482376516,0.4089554205430342
0.564,0.010929996175451462,0.2248423875181169,0.4099467199778056
0.565,0.010949751590770475,0.2255817332938835,0.4109380205718702
0.566,0.010969507578807302,0.22632259790264916,0.4119303409508358
0.567,0.01098926378495604,0.2270653641045985,0.4129242382024744
0.568,0.01100902139972197,0.22780853467398768,0.41391969211449764
0.569,0.011028779236100416,0.22855226541479304,0.4149168960926526
0.57,0.011048537401849063,0.22929780493267599,0.41591804598500665
0.571,0.011068297330216867,0.23004445497632095,0.4169242573315124
0.572,0.011088060511756979,0.2307932720173608,0.4179326547788842
0.573,0.011107824300877688,0.23154299690828412,0.41894237734746576
0.574,0.011127589908489994,0.2322935258245804,0.4199534751872263
0.575,0.011147355653495538,0.23304745777177727,0.4209653760362055
0.576,0.01116712393313431,0.23380530103449526,0.42198029484837435
0.577,0.011186892829042788,0.2345734503912621,0.42299584487196834
0.578,0.011206661872899593,0.2353475758033988,0.4240135977919517
0.579,0.011226431380884883,0.23612173830551578,0.42503346400901515
0.58,0.011246201189261121,0.23689640054327216,0.42605396309808125
0.581,0.011265973702610234,0.23767263787061038,0.4270746669456583
0.582,0.011285749595067266,0.2384529052312536,0.4280955345653234
0.583,0.011305526919609832,0.23923872911491903,0.4291173674141841
0.584,0.011325304695553906,0.24003064126114293,0.43014034539223417
0.585,0.011345082868134659,0.24082785327883185,0.43116352209128495
0.586,0.011364861205742646,0.24162996708286924,0.432188804330105
0.587,0.011384642248416168,0.24243799748613307,0.4332165173365657
0.588,0.011404424177880113,0.24324728735681392,0.4342460112069922
0.589,0.011424206469998283,0.24406502953180867,0.4352757937817077
0.59,0.0114439895947754,0.24488312657683117,0.4363062120712496
0.591,0.011463773658275634,0.24570420314296407,0.4373371621918704
0.592,0.01148355839224663,0.246525283408232,0.43836932494347697
0.593,0.011503344005359841,0.24734718625728408,0.43940338736180234
0.594,0.011523130850781918,0.2481713128727946,0.4404399399110617
0.595,0.01154291783066876,0.2489955365605848,0.4414775278697138
0.596,0.01156270578295703,0.2498215182938469,0.4425153044152762
0.597,0.011582495795390722,0.25064962044719274,0.4435551733246043
0.598,0.011602287037533137,0.25147929314522377,0.4445957939952449
0.599,0.011622079576063423,0.25231128050057855,0.4456401807679173
0.6,0.011641873273481406,0.253143988818407,0.4466860991420214
0.601,0.011661667654806585,0.2539767297177036,0.4477357049112087
0.602,0.011681463715530796,0.25481610589215814,0.44878693624246185
0.603,0.011701263443423423,0.2556557961620721,0.44983950889834756
0.604,0.01172106398300527,0.25649869782797236,0.4508922358842468
0.605,0.011740865864000609,0.25734728224636744,0.45194585937033255
0.606,0.011760668057524992,0.2581971802490889,0.45300166022474747
0.607,0.011780474824305616,0.2590498185736298,0.4540608751703169
0.608,0.011800281765995737,0.2599076011217739,0.45512094457059954
0.609,0.011820090146011505,0.26076557261209354,0.4561825195833865
0.61,0.011839900303002616,0.26162825033067416,0.4572448456015103
0.611,0.011859710468977172,0.26249242446099014,0.45831046906915157
0.612,0.011879520782200156,0.26335672529408205,0.4593784825086478
0.613,0.011899336860363178,0.26422241702050003,0.460447228144465
0.614,0.01191915389492742,0.2650898836072495,0.46152102323831606
0.615,0.011938971545982724,0.2659581744230514,0.4625996460655549
0.616,0.01195878921568785,0.26682659732877356,0.4636818033065116
0.617,0.011978606931114974,0.26771086319187315,0.4647665818968453
0.618,0.01199842737219128,0.2685957724793594,0.46585256946178627
0.619,0.012018248382278213,0.2694822743400015,0.4669424524718554
0.62,0.012038070515620702,0.27037215728086106,0.4680333652703724
0.621,0.012057892655772362,0.2712633371642261,0.4691242961874867
0.622,0.01207771522983658,0.27215578537047913,0.47021585791264825
0.623,0.012097539193155113,0.2730497674440837,0.47130998837412
0.624,0.012117363685962931,0.2739534944259509,0.4724079526138791
0.625,0.012137189796482893,0.274859273042768,0.473508275087275
0.626,0.012157016844651201,0.2757655029870575,0.4746113953085029
0.627,0.01217684468087946,0.27667250747483324,0.47571806664919875
0.628,0.01219667372697165,0.2775863214349019,0.4768250229826026
0.629,0.012216502834081327,0.27850109384582156,0.4779329945371136
0.63,0.012236334119895647,0.2794161152709882,0.4790460138740036
0.631,0.012256166499565367,0.28033393173100823,0.4801598208417091
0.632,0.012275999025635732,0.2812526532979528,0.4812761185516861
0.633,0.012295833002207289,0.28217177387760456,0.4823935280825263
0.634,0.012315667161786552,0.2831036819080186,0.4835114551103356
0.635,0.012335502317277902,0.2840357926657835,0.4846326493643869
0.636,0.012355337930112027,0.2849682208608904,0.4857589663850793
0.637,0.012375175729896873,0.28590548649461595,0.4868863882277082
0.638,0.01239501356117187,0.2868430490529716,0.488015910275503
0.639,0.012414852088075242,0.28778145895909263,0.48914635237170995
0.64,0.012434691244861299,0.2887199361235379,0.49027716170243774
0.641,0.012454531892921018,0.2896601017753462,0.4914079840319126
0.642,0.01247437258458819,0.29060476165125904,0.4925402319154309
0.643,0.012494214671967855,0.29155914447758713,0.49367255913862845
0.644,0.01251406089081319,0.2925161216247247,0.4948054908789576
0.645,0.012533911025651255,0.2934803666243589,0.49594056028706196
0.646,0.012553761441289538,0.2944455318705394,0.4970761322347091
0.647,0.012573614332145685,0.2954109431146093,0.4982128788115908
0.648,0.012593467260808008,0.2963766135132651,0.49934964258085873
0.649,0.012613320394320261,0.2973434943250899,0.500487951518128
0.65,0.012633174071399753,0.29831651720995456,0.5016286801594322
0.651,0.01265302799251153,0.29928989709575643,0.5027703566559103
0.652,0.012672882991293436,0.3002689831943251,0.5039139146787425
0.653,0.012692738284458119,0.3012543582368596,0.5050633587867613
0.654,0.01271259645463847,0.30224026947651456,0.506213036284087
0.655,0.012732455802728812,0.3032299690895481,0.5073645257414181
0.656,0.01275231818522526,0.3042202164042631,0.5085161849615373
0.657,0.01277218348179434,0.3052136550430787,0.5096690947676744
0.658,0.012792049371846246,0.30621018528398336,0.5108223016885882
0.659,0.012811920033741733,0.3072127809206707,0.5119758083574184
0.66,0.012831791846882282,0.30821618449514776,0.5131295429613982
0.661,0.01285166502808626,0.3092201697166349,0.514285949463619
0.662,0.01287154275771079,0.3102284730555025,0.5154437332895416
0.663,0.012891421294483969,0.3112486080808009,0.5166015366000356
0.664,0.012911300155556771,0.31227455563672685,0.5177606849902454
0.665,0.012931179130667244,0.31330095458948987,0.5189200407619312
0.666,0.012951058707873542,0.31433092859195616,0.5200800036672344
0.667,0.012970939744432523,0.3153609756019969,0.521240913705734
0.668,0.012990824787412349,0.3163918155872181,0.5224031501493339
0.669,0.01301070988959938,0.3174255188950692,0.5235659240236831
0.67,0.013030595478435013,0.3184625611823821,0.5247288858772434
0.671,0.013050481581831306,0.31950121292215766,0.5258937260519242
0.672,0.013070368236362855,0.3205406204711018,0.5270596769887153
0.673,0.013090255920992151,0.3215809464936745,0.5282256831818762
0.674,0.01311014503674925,0.3226219739603194,0.5293946770950662
0.675,0.013130035365790915,0.3236656582417557,0.5305640604585344
0.676,0.013149926419679313,0.32471039240224947,0.531733569016843
0.677,0.01316981818123197,0.3257562175414748,0.5329041957294512
0.678,0.01318971137316757,0.3268042436758533,0.5340751205303149
0.679,0.013209604865953573,0.3278570875893914,0.5352461826341152
0.68,0.013229498647005329,0.3289108540703417,0.5364181548833205
0.681,0.013249392910346637,0.3299669527036034,0.5375910163698779
0.682,0.013269287304364915,0.3310232795036234,0.5387724897165976
0.683,0.013289184223821988,0.33208376489644575,0.5399546435999233
0.684,0.013309081577146302,0.3331490863818845,0.5411389855490448
0.685,0.013328979863480977,0.33421572106901837,0.5423248046066869
0.686,0.013348878205525105,0.3352832466407487,0.5435117106550861
0.687,0.013368776703313665,0.3363523777649471,0.5446999507702339
0.688,0.013388675723557487,0.33742217361749677,0.5458913051319472
0.689,0.013408575492643668,0.33849905560489296,0.5470843039583121
0.69,0.013428475921656396,0.33957793446982854,0.5482773816899164
0.691,0.013448378138599271,0.3406625762696394,0.5494715740473921
0.692,0.013468284375310165,0.3417509669415987,0.5506659229486628
0.693,0.013488190748508704,0.3428444012801733,0.5518607609331193
0.694,0.013508097334376424,0.34393877277220286,0.5530597719096652
0.695,0.013528004848857902,0.3450383079964318,0.5542589800437541
0.696,0.013547915571944043,0.3461434230575036,0.5554590751361271
0.697,0.013567827151161633,0.3472494772616309,0.5566597584804868
0.698,0.01358773979518121,0.3483570977478418,0.5578608660524792
0.699,0.013607653845615507,0.3494658191705171,0.5590626784628107
0.7,0.013627568049298447,0.35057527099773655,0.5602653115115676
0.701,0.013647482267202119,0.35168681805560525,0.5614699069562283
0.702,0.013667398787847217,0.35280604321958237,0.5626750348436689
0.703,0.013687315890589446,0.3539268562007374,0.5638810900734502
0.704,0.013707233578994546,0.35504778825755945,0.5650880595377328
0.705,0.01372715289187419,0.35617309917427187,0.5662954977834073
0.706,0.013747072384373324,0.3572993296682105,0.5675047970717458
0.707,0.013766992056654662,0.35843068335063205,0.5687154909477973
0.708,0.013786912241711824,0.3595627712125492,0.5699262426747698
0.709,0.013806832589086326,0.3606968877978152,0.5711375731369523
0.71,0.013826753128435213,0.3618347627742198,0.5723497928101327
0.711,0.013846674949019136,0.3629728804473229,0.5735632385208497
0.712,0.013866597746352903,0.3641172903182451,0.5747802549711714
0.713,0.013886521269948954,0.36526259020468405,0.5759980608808453
0.714,0.01390644732263231,0.3664092146970889,0.5772179041221511
0.715,0.013926374188456889,0.3675608782368502,0.5784400227355663
0.716,0.01394630249344869,0.36871814568395683,0.5796621552820467
0.717,0.013966230950009918,0.3698759603476728,0.5808877417082802
0.718,0.013986160437579812,0.37103880378498516,0.5821138365743891
0.719,0.014006090694547713,0.3722168193868252,0.5833405010192179
0.72,0.014026021928060827,0.3733950342982566,0.5845679771684328
0.721,0.014045955443384404,0.37457482797181113,0.5857962033529183
0.722,0.014065890082869228,0.37575603240585986,0.5870244828249553
0.723,0.014085824829022991,0.3769561695263292,0.5882547070660047
0.724,0.01410576001221176,0.3781569563063421,0.5894849655397217
0.725,0.014125695605905379,0.3793583772776882,0.5907152536841552
0.726,0.014145632158774964,0.3805685964876006,0.5919461962668382
0.727,0.014165569141320541,0.381783006131117,0.5931773559049942
0.728,0.014185506529185005,0.3830009648299904,0.594409284032865
0.729,0.01420544425253201,0.3842305672755896,0.5956444471117984
0.73,0.014225381987081455,0.38546064194508045,0.5968812902548241
0.731,0.014245319727039253,0.38669156789246517,0.5981197314160741
0.732,0.014265257469687195,0.3879235256006595,0.5993583594243932
0.733,0.014285195957825209,0.38916119310314995,0.6006005741555202
0.734,0.01430513445535592,0.3904084370314154,0.6018430460119907
0.735,0.014325072980180011,0.391661605718412,0.6030908210479472
0.736,0.014345012806168842,0.3929234467556829,0.6043402860832366
0.737,0.014364952774749326,0.39418549657956675,0.6055919018515004
0.738,0.0143848962851313,0.3954477055353759,0.606843910072711
0.739,0.014404840107118658,0.3967107277735029,0.6080963432158807
0.74,0.014424784716247177,0.39798685502634085,0.609350167356942
0.741,0.014444730365060537,0.39926309883941463,0.6106051981219746
0.742,0.014464676489215438,0.4005396708781864,0.6118633114611688
0.743,0.014484624912009924,0.401819132106338,0.6131225657670856
0.744,0.014504573549900748,0.40310185083492367,0.6143828925241495
0.745,0.014524522352997959,0.4043890979829929,0.6156439854259913
0.746,0.01454447184007425,0.40568190923888164,0.6169052334534137
0.747,0.014564421934464436,0.40697479666253333,0.6181672674437015
0.748,0.01458437235549645,0.4082698391693695,0.6194297000282712
0.749,0.01460432362139865,0.4095825016513967,0.6206929826807182
0.75,0.014624274939840266,0.4108972592396967,0.621957359202114
0.751,0.01464422665319459,0.41221443473456,0.623222422908659
0.752,0.01466417842366162,0.4135344308377644,0.6244899003135245
0.753,0.014684130218851663,0.4148560321053994,0.6257586549822562
0.754,0.014704082391282392,0.41618739892910966,0.627030587795041
0.755,0.014724035810462808,0.41751963033328354,0.6283030280342301
0.756,0.014743991160171886,0.4188532243342744,0.6295758904368384
0.757,0.014763946567347638,0.4201993047636233,0.6308488447911486
0.758,0.014783903570996433,0.4215461970638233,0.6321246283023331
0.759,0.014803861418453534,0.4229010454608578,0.6334063230363471
0.76,0.014823819548894182,0.42426075371280253,0.6346888334645019
0.761,0.0148437779732121,0.425623095009758,0.6359725492454091
0.762,0.014863737314851971,0.42699622520489355,0.6372571168448048
0.763,0.014883698138224781,0.4283773363323926,0.6385429247539046
0.764,0.014903659297176644,0.42976333337110745,0.639830296455668
0.765,0.014923620951521372,0.4311507181980906,0.6411208138020913
0.766,0.014943583869978391,0.432539585040248,0.6424140345468254
0.767,0.014963546879680335,0.43393029298579755,0.6437080794433793
0.768,0.01498351000999323,0.4353241890815459,0.6450046854509768
0.769,0.015003473190527672,0.4367208065876183,0.6463028953682924
0.77,0.015023437273913604,0.43811920606233323,0.647602930223933
0.771,0.015043401626146386,0.4395197915066365,0.6489033619282373
0.772,0.015063366081097724,0.4409224849807146,0.6502042315588447
0.773,0.01508333078605444,0.442337894010371,0.651505633736109
0.774,0.0151032987938527,0.4437600340794417,0.6528082249353645
0.775,0.015123267622273099,0.4451899322705539,0.6541113870624834
0.776,0.01514323903372215,0.4466294611765935,0.6554156135534968
0.777,0.015163211958755666,0.4480699644534237,0.656725786619819
0.778,0.01518318491442721,0.4495215288991971,0.6580360925713636
0.779,0.015203162358226791,0.45097650776584663,0.6593466687781752
0.78,0.015223139974076216,0.45243254169393693,0.6606581647345207
0.781,0.015243118013668481,0.4538890289087597,0.6619723609894802
0.782,0.015263096120879586,0.4553550615208909,0.6632869032889185
0.783,0.015283074937800982,0.456823930166269,0.6646017703227386
0.784,0.015303053930060252,0.45830022943951987,0.6659172738747857
0.785,0.015323033169255732,0.45978251244622814,0.6672333424525
0.786,0.015343014097253754,0.46126753872285936,0.6685495821191602
0.787,0.015362995134297836,0.46277627785780984,0.6698670049142232
0.788,0.015382976539843767,0.4642865213539853,0.6711849810705124
0.789,0.015402959799509919,0.46579968074912326,0.6725048222863682
0.79,0.015422943204838172,0.46731413578194314,0.6738247392158938
0.791,0.015442927016426933,0.4688338092500349,0.6751486597845696
0.792,0.015462910909676072,0.47036200293344677,0.6764739009544294
0.793,0.01548289540513226,0.47189268486385727,0.6777992182055417
0.794,0.01550288115091603,0.47342946346214054,0.6791248487917392
0.795,0.01552286737731281,0.4749677667936976,0.6804529817830502
0.796,0.015542854658611873,0.4765118470854026,0.6817823961561198
0.797,0.015562843175104308,0.47805707047266777,0.6831124045861379
0.798,0.015582833174016564,0.4796056792613223,0.684444576288235
0.799,0.015602824649826211,0.48115534909082885,0.6857793075477603
0.8,0.015622816567830239,0.4827111157594139,0.6871141306820284
0.801,0.01564280862813048,0.4842669681901105,0.6884490487495746
0.802,0.015662803367909484,0.48582319772361565,0.6897840592437343
0.803,0.015682798602249488,0.4873928550709232,0.6911228850508218
0.804,0.015702794137214197,0.4889642199816153,0.692464445070279
0.805,0.01572279083843695,0.4905388074139118,0.6938085890238719
0.806,0.015742787620719192,0.49211406476261177,0.6951527643982295
0.807,0.015762784838855463,0.4936927545854336,0.6965010875737645
0.808,0.015782782569878355,0.4952720575789989,0.6978517757543484
0.809,0.0158027812633735,0.4968522780231556,0.6992032177157255
0.81,0.01582278043991745,0.4984328020079573,0.7005557583204074
0.811,0.015852530423244096,0.5000239079296577,0.7019095762372775
0.812,0.015883461120519676,0.5016165984836349,0.703265821943112
0.813,0.015915157701639496,0.503217525412851,0.7046227621174772
0.814,0.015948216602939796,0.5048249681094455,0.7059810618193008
0.815,0.01598451031475498,0.5064332452527524,0.7073402112482357
0.816,0.016021211836563604,0.5080437868958938,0.7087004940692504
0.817,0.01605831091674403,0.5096604009878611,0.71006169514275
0.818,0.01610061769465263,0.511285114039463,0.7114235508017955
0.819,0.016146580744308067,0.5129173185925143,0.712786911376527
0.82,0.016197388414830018,0.5145504032849954,0.714151935401802
0.821,0.016249406683583337,0.5161836254726704,0.7155176858684947
0.822,0.016305329460972535,0.5178304375452983,0.7168947426914861
0.823,0.01637123946127562,0.5194862444593878,0.7182735127668176
0.824,0.016440094071179866,0.5211434844526665,0.7196526173902628
0.825,0.01650919080103883,0.5228016114137796,0.7210341901321201
0.826,0.016580519697805843,0.5244599034784491,0.7224160976778059
0.827,0.01665493862971831,0.5261213251337252,0.7238028049672014
0.828,0.016731658064370734,0.5277841890595515,0.7251898002013851
0.829,0.016809376434162894,0.5294486439866423,0.7265771855353699
0.83,0.016895397353942052,0.5311320582986871,0.7279665804579007
0.831,0.016983741256066973,0.5328172969892544,0.729356036852079
0.832,0.01707330679027135,0.5345103669118503,0.7307476638123541
0.833,0.017163560190778644,0.5362107891077241,0.7321423817260665
0.834,0.017257569863284028,0.5379170914543324,0.7335392284964258
0.835,0.017354368770111664,0.5396265312406481,0.7349373170334065
0.836,0.01745321249130442,0.541345530888467,0.7363371435765321
0.837,0.017556848448184545,0.5430695358478456,0.7377373585247957
0.838,0.01766263092242794,0.5447936084316483,0.7391396911395636
0.839,0.017776276495134406,0.5465493965864746,0.7405420300258927
0.84,0.01789184438665371,0.5483184146420256,0.7419453432695795
0.841,0.018012024179191018,0.55008835870577,0.7433499104213435
0.842,0.018134822196298913,0.5518693898021589,0.7447643594959845
0.843,0.01826446436424513,0.5536578244147378,0.74618004936811
0.844,0.018400677627871002,0.5554488938224538,0.74759605414856
0.845,0.018540043471961518,0.5572407151774275,0.7490122008595278
0.846,0.01868361124253672,0.5590374335455063,0.7504315333511931
0.847,0.01882843291507647,0.5608441672059378,0.7518509544585362
0.848,0.01897732090513073,0.5626511375824809,0.7532720856229393
0.849,0.019129946375237322,0.5644602310276212,0.7546946625070912
0.85,0.019291986784919477,0.5662708412110824,0.7561182945725431
0.851,0.019457761768634542,0.5680920495997266,0.7575426419631841
0.852,0.019628969843253945,0.5699432344999144,0.7589670961842427
0.853,0.01980670551030349,0.5717992395838745,0.7603922932711105
0.854,0.020001628706439175,0.5736596608667967,0.7618195002957363
0.855,0.020198302801365017,0.5755264509946458,0.7632488359193371
0.856,0.020400025938951388,0.5774158733837323,0.7646854636188731
0.857,0.020619774010110854,0.5793080501039456,0.7661234739819531
0.858,0.020841526643986023,0.5812009646619806,0.7675641682709121
0.859,0.02106508970805619,0.5831126765574037,0.7690061071789139
0.86,0.0212899307791978,0.5850272663589003,0.7704481505447526
0.861,0.021523892185866596,0.5869497734526506,0.7718969950863085
0.862,0.021765715221121966,0.5888737770807655,0.7733519935899803
0.863,0.022012673623077877,0.5907996885744139,0.7748129359778245
0.864,0.022261869593579345,0.5927619191039553,0.7762779259171108
0.865,0.02251130214912364,0.594738345031527,0.7777443634434562
0.866,0.022783871121882116,0.5967168278950257,0.7792126269743425
0.867,0.023059689416918376,0.5986968825623648,0.7806830621098965
0.868,0.023344452415916747,0.6006790538926428,0.7821627222561136
0.869,0.023634400269801924,0.6026630523090265,0.7836425512858013
0.87,0.023932048171720288,0.6046473038788962,0.7851233052090366
0.871,0.024240726844137122,0.6066332643338166,0.7866043457872232
0.872,0.02455254393451209,0.6086228046663816,0.7880864217040903
0.873,0.02487065634013059,0.6106257157930393,0.7895686194553708
0.874,0.025225259494310395,0.6126337661798126,0.7910533544186499
0.875,0.025589960084469326,0.6146567803298243,0.7925399586880788
0.876,0.025996329092359487,0.6167148837714607,0.7940273102899067
0.877,0.026412568777209263,0.6188121933871,0.7955156417912517
0.878,0.026831484684760595,0.6209237516013485,0.7970048367984474
0.879,0.02726565626105505,0.6230358073565325,0.7984944372885596
0.88,0.027699961464972025,0.6251485798424085,0.7999843306147038
0.881,0.0281358391071978,0.6272667882559001,0.8014747704364598
0.882,0.02859495123410352,0.6293854297532075,0.8029666977775356
0.883,0.02908047596294622,0.6315098735310352,0.8044589274243509
0.884,0.029589373242097795,0.6336420093336802,0.805953599525694
0.885,0.030113833134576422,0.6357900992651405,0.807448391978333
0.886,0.03064298634788442,0.6379653641262365,0.8089467511309204
0.887,0.031183076734632297,0.6401433693877094,0.8104496698591303
0.888,0.0317436945822133,0.6423261535519065,0.8119536754000763
0.889,0.03234024062882711,0.6445109601265012,0.813458144876498
0.89,0.03296195355679853,0.6467007906258702,0.8149660769464375
0.891,0.033600956339512655,0.6489155932059114,0.8164741923492658
0.892,0.03429132922318956,0.6511512099337192,0.8179847585079457
0.893,0.03499644981051658,0.6533873757467151,0.8194957146170275
0.894,0.03573872508389048,0.6556258434230906,0.8210069934449934
0.895,0.036504739112902244,0.6578754923533324,0.8225189762610017
0.896,0.03727518284536381,0.6601362627972877,0.824034263598998
0.897,0.038047896109834584,0.6624262900309925,0.8255540100129227
0.898,0.03882245163535032,0.6647238720757254,0.8270742123479637
0.899,0.03960164100663917,0.6670529383275825,0.8285956599385984
0.9,0.040383358845296896,0.6693883255038018,0.830119750595469
0.901,0.04121972459768008,0.6717244162760935,0.8316439408820469
0.902,0.042063497651255326,0.6740920095057289,0.8331718478299136
0.903,0.04296420499193861,0.6764985392240878,0.8347010344367485
0.904,0.04397972793123511,0.6789060570130917,0.8362305488429768
0.905,0.04504889701217562,0.6813231697399117,0.8377604402337927
0.906,0.04613378121938931,0.6837877292003676,0.8392915067874361
0.907,0.04723014753369044,0.6862802222560767,0.8408271423479479
0.908,0.04833569533228739,0.6887759286099411,0.8423647848252209
0.909,0.04944514796221682,0.6912839869369879,0.8439051381788787
0.91,0.050631076008283704,0.6937990255666345,0.8454493469184189
0.911,0.05186040000506468,0.6963203465752095,0.8469960934890959
0.912,0.05311040584792413,0.6988726348190525,0.8485454857528362
0.913,0.05442076095465927,0.7014285680835364,0.8500965554807649
0.914,0.055882739607257134,0.7039920376940932,0.851651061311251
0.915,0.057393477667879146,0.7065804836322942,0.853207798951029
0.916,0.058913299877586915,0.7091929896291141,0.8547674359810871
0.917,0.060454626494569105,0.7118352471929097,0.856330180574112
0.918,0.06204337116739347,0.7144885063360609,0.8578967930505045
0.919,0.06366199229558211,0.7171817196271465,0.8594652251555756
0.92,0.06529650718552481,0.7198771872664611,0.8610342739539074
0.921,0.06693602688713507,0.7225980241093727,0.8626043306985435
0.922,0.06866689227552479,0.7253204783589805,0.8641754885036329
0.923,0.07048599276455263,0.7280535463570716,0.8657497692899452
0.924,0.07256721328324263,0.7307896952095317,0.8673284071645541
0.925,0.07466143775697355,0.7335320420007536,0.8689076226727275
0.926,0.0768186558067153,0.7362821828460189,0.8704881219220942
0.927,0.079160286880196,0.7390606963466918,0.872071331359218
0.928,0.08153181593321092,0.7418564766520719,0.8736565705693317
0.929,0.08399279410679619,0.7446695542383864,0.8752455749905994
0.93,0.08647848416363801,0.7475211310052033,0.876839765786189
0.931,0.08906591308653673,0.7503876086460962,0.8784367426251563
0.932,0.09171350580598435,0.7532614626952163,0.8800383125543538
0.933,0.09455882536454917,0.756150605182127,0.8816410669524536
0.934,0.09741306478520143,0.7590413662543942,0.8832540351611821
0.935,0.10032358000628619,0.7619651117572421,0.8848675563945841
0.936,0.10331647370646894,0.7648909328981145,0.8864821695904965
0.937,0.10644446330303863,0.767832875552033,0.8881045233764112
0.938,0.10958377520265442,0.7708084482352284,0.8897269058506725
0.939,0.1128618362965833,0.7737896267836406,0.8913557032601482
0.94,0.1162032284732356,0.7767751696204056,0.8929898242851185
0.941,0.11959794867005806,0.7797667642756647,0.8946290918638738
0.942,0.1237555375729585,0.7827584037125673,0.8962688413078191
0.943,0.12839774549462316,0.7857552068541624,0.8979115775135345
0.944,0.13307630707494622,0.7887898499999578,0.8995576497209482
0.945,0.1380025475956668,0.7918250049574386,0.9012054143293133
0.946,0.1430500323397866,0.7948973125910174,0.9028543096185085
0.947,0.14819993401818649,0.7980177608346211,0.9045066518789324
0.948,0.1535358013386129,0.8011502287121628,0.906160554675535
0.949,0.1589785291084121,0.8043005758267111,0.9078230558233787
0.95,0.16454780667644964,0.8074559779010873,0.9094897460721709
0.951,0.17014136491460213,0.8106169326355755,0.9111566134899282
0.952,0.17591300901950035,0.813813338531698,0.9128252811271785
0.953,0.18192275862472465,0.817009914030927,0.9145008068364197
0.954,0.18801054557295463,0.8202077028372972,0.9161815663309127
0.955,0.1942021278495887,0.823439090296956,0.9178689486202266
0.956,0.20045168605732236,0.8266854398180115,0.9195601330907546
0.957,0.20672524347700766,0.8299405274510175,0.9212517062831068
0.958,0.2136441346130851,0.8332116350701795,0.9229462909197453
0.959,0.22096672977052761,0.836487750465446,0.9246463346808438
0.96,0.22838570746094944,0.839771017582203,0.9263493129605892
0.961,0.23600035448931217,0.8430805731163811,0.9280523627051463
0.962,0.24392940314570333,0.8463941994902917,0.9297566461775283
0.963,0.251890196414285,0.8497213664270674,0.9314617987968462
0.964,0.2613477897082945,0.8530510615077475,0.9331703113719715
0.965,0.27083640098418804,0.8564154930937705,0.9348904925580488
0.966,0.2804668222446686,0.8597947053755226,0.9366114514396888
0.967,0.2902239306576711,0.8632087033529872,0.9383369170223789
0.968,0.3004469262549692,0.8666654112062381,0.9400758497514362
0.969,0.3108751145414037,0.8701255134278589,0.9418152501128094
0.97,0.3220329809424557,0.8735860830693698,0.9435586871838332
0.971,0.3339527753094157,0.8770792558269783,0.9453194058768926
0.972,0.3459922895845696,0.8805970688788022,0.9470816958041712
0.973,0.3580715739668105,0.8841441512365117,0.9488450738669792
0.974,0.3702381778497426,0.8877379488581892,0.9506118896161461
0.975,0.38300246040570335,0.8914160312623978,0.952383017187
0.976,0.3958956706646005,0.895122727101964,0.9541562570416423
0.977,0.4098683462858768,0.8988714105485685,0.9559301125820967
0.978,0.423881392487908,0.9026282944078727,0.9577179140793772
0.979,0.4380596979541166,0.9064281387022546,0.9595113509132622
0.98,0.45228598168751705,0.9102294962378148,0.9613068804534398
0.981,0.4671196191456131,0.9140418375214268,0.9631223421414724
0.982,0.4828424871284759,0.9178653913675694,0.9649449669545963
0.983,0.4988438312169151,0.9217585941909713,0.9667687713652692
0.984,0.5150938069522835,0.9256774108284448,0.9686133582015342
0.985,0.5317183443440799,0.9296283791784725,0.9704974985613628
0.986,0.550647522641797,0.9336000581267276,0.9723829258788713
0.987,0.5698327544392615,0.9376148653677859,0.9742712014974689
0.988,0.5919290742605413,0.9417237735819697,0.9761703592362238
0.989,0.6154396325087398,0.9460398550130035,0.9780725996761278
0.99,0.641384937090576,0.9504060828733066,0.9799869066090543
0.991,0.6689397885685133,0.954794609854377,0.9819077575102751
0.992,0.6966048724298033,0.9592106297194914,0.983851546678151
0.993,0.7248234959749026,0.9637105224860264,0.9857954484077079
0.994,0.7532573060715858,0.9682707934983565,0.9877444575255319
0.995,0.7858080345823135,0.9729064075498819,0.9897018292096049
0.996,0.8189640264632728,0.9776264322098642,0.9916961087679893
0.997,0.8557645319790291,0.9825263046655456,0.9936909370852262
0.998,0.8961282150851557,0.9874668969824335,0.9957280153822304
0.999,0.9408450601972748,0.9936176223180109,0.9978463248487841
1.0,1.0,1.0,1.0
